image_path,true_label,predicted_label,p_normal,p_pneumonia
test/NORMAL/IM-0001-0001.jpeg,NORMAL,PNEUMONIA,0.44907912611961365,0.550920844078064
test/NORMAL/IM-0003-0001.jpeg,NORMAL,PNEUMONIA,0.44754841923713684,0.5524515509605408
test/NORMAL/IM-0005-0001.jpeg,NORMAL,NORMAL,0.7187288403511047,0.2812711298465729
test/NORMAL/IM-0006-0001.jpeg,NORMAL,PNEUMONIA,0.194691464304924,0.8053085803985596
test/NORMAL/IM-0007-0001.jpeg,NORMAL,NORMAL,0.7563331127166748,0.2436668425798416
test/NORMAL/IM-0009-0001.jpeg,NORMAL,NORMAL,0.9423617124557495,0.057638272643089294
test/NORMAL/IM-0010-0001.jpeg,NORMAL,NORMAL,0.5068137049674988,0.49318626523017883
test/NORMAL/IM-0011-0001-0001.jpeg,NORMAL,PNEUMONIA,0.43753954768180847,0.5624604821205139
test/NORMAL/IM-0011-0001-0002.jpeg,NORMAL,NORMAL,0.6230804324150085,0.3769195079803467
test/NORMAL/IM-0011-0001.jpeg,NORMAL,NORMAL,0.8614888191223145,0.13851113617420197
test/NORMAL/IM-0013-0001.jpeg,NORMAL,PNEUMONIA,0.16392135620117188,0.8360786437988281
test/NORMAL/IM-0015-0001.jpeg,NORMAL,PNEUMONIA,0.21690793335437775,0.7830920219421387
test/NORMAL/IM-0016-0001.jpeg,NORMAL,PNEUMONIA,0.26795896887779236,0.73204106092453
test/NORMAL/IM-0017-0001.jpeg,NORMAL,PNEUMONIA,0.3579292297363281,0.6420707702636719
test/NORMAL/IM-0019-0001.jpeg,NORMAL,PNEUMONIA,0.11251422017812729,0.8874858021736145
test/NORMAL/IM-0021-0001.jpeg,NORMAL,PNEUMONIA,0.17907346785068512,0.8209264874458313
test/NORMAL/IM-0022-0001.jpeg,NORMAL,PNEUMONIA,0.006899066269397736,0.9931008815765381
test/NORMAL/IM-0023-0001.jpeg,NORMAL,PNEUMONIA,0.406911700963974,0.5930882692337036
test/NORMAL/IM-0025-0001.jpeg,NORMAL,NORMAL,0.6916072368621826,0.308392733335495
test/NORMAL/IM-0027-0001.jpeg,NORMAL,PNEUMONIA,0.37835168838500977,0.6216483116149902
test/NORMAL/IM-0028-0001.jpeg,NORMAL,PNEUMONIA,0.08199184387922287,0.9180081486701965
test/NORMAL/IM-0029-0001.jpeg,NORMAL,PNEUMONIA,0.2360367774963379,0.7639632225036621
test/NORMAL/IM-0030-0001.jpeg,NORMAL,NORMAL,0.831747829914093,0.1682521402835846
test/NORMAL/IM-0031-0001.jpeg,NORMAL,PNEUMONIA,0.3907100558280945,0.6092899441719055
test/NORMAL/IM-0033-0001-0001.jpeg,NORMAL,NORMAL,0.5083565711975098,0.49164339900016785
test/NORMAL/IM-0033-0001-0002.jpeg,NORMAL,NORMAL,0.8594840168952942,0.14051592350006104
test/NORMAL/IM-0033-0001.jpeg,NORMAL,PNEUMONIA,0.4801821708679199,0.5198178291320801
test/NORMAL/IM-0035-0001.jpeg,NORMAL,NORMAL,0.5441216230392456,0.4558783769607544
test/NORMAL/IM-0036-0001.jpeg,NORMAL,PNEUMONIA,0.19422407448291779,0.8057759404182434
test/NORMAL/IM-0037-0001.jpeg,NORMAL,PNEUMONIA,0.31327515840530396,0.686724841594696
test/NORMAL/IM-0039-0001.jpeg,NORMAL,PNEUMONIA,0.372653067111969,0.6273468732833862
test/NORMAL/IM-0041-0001.jpeg,NORMAL,NORMAL,0.8749830722808838,0.1250169426202774
test/NORMAL/IM-0043-0001.jpeg,NORMAL,NORMAL,0.6010763049125671,0.3989236354827881
test/NORMAL/IM-0045-0001.jpeg,NORMAL,PNEUMONIA,0.48351961374282837,0.5164804458618164
test/NORMAL/IM-0046-0001.jpeg,NORMAL,PNEUMONIA,0.38251328468322754,0.6174867153167725
test/NORMAL/IM-0049-0001.jpeg,NORMAL,NORMAL,0.918867290019989,0.08113264292478561
test/NORMAL/IM-0050-0001.jpeg,NORMAL,NORMAL,0.9376587867736816,0.06234120950102806
test/NORMAL/IM-0059-0001.jpeg,NORMAL,NORMAL,0.9509463906288147,0.0490536130964756
test/NORMAL/IM-0061-0001.jpeg,NORMAL,NORMAL,0.9782857894897461,0.021714238449931145
test/NORMAL/IM-0063-0001.jpeg,NORMAL,NORMAL,0.9925549626350403,0.007445038761943579
test/NORMAL/IM-0065-0001.jpeg,NORMAL,NORMAL,0.8545825481414795,0.14541742205619812
test/NORMAL/IM-0067-0001.jpeg,NORMAL,NORMAL,0.993889331817627,0.006110646761953831
test/NORMAL/IM-0069-0001.jpeg,NORMAL,NORMAL,0.9734632968902588,0.026536669582128525
test/NORMAL/IM-0070-0001.jpeg,NORMAL,NORMAL,0.9983179569244385,0.0016820816090330482
test/NORMAL/IM-0071-0001.jpeg,NORMAL,NORMAL,0.6468076109886169,0.35319235920906067
test/NORMAL/IM-0073-0001.jpeg,NORMAL,PNEUMONIA,0.2587006688117981,0.7412992715835571
test/NORMAL/IM-0075-0001.jpeg,NORMAL,NORMAL,0.5464961528778076,0.45350381731987
test/NORMAL/IM-0077-0001.jpeg,NORMAL,NORMAL,0.8330385088920593,0.1669614464044571
test/NORMAL/IM-0079-0001.jpeg,NORMAL,PNEUMONIA,0.4586254358291626,0.5413745045661926
test/NORMAL/IM-0081-0001.jpeg,NORMAL,NORMAL,0.8699736595153809,0.13002635538578033
test/NORMAL/IM-0083-0001.jpeg,NORMAL,NORMAL,0.8926855325698853,0.10731444507837296
test/NORMAL/IM-0084-0001.jpeg,NORMAL,NORMAL,0.8380901217460632,0.16190990805625916
test/NORMAL/IM-0085-0001.jpeg,NORMAL,NORMAL,0.6755484342575073,0.3244515359401703
test/NORMAL/IM-0086-0001.jpeg,NORMAL,NORMAL,0.9331879019737244,0.06681205332279205
test/NORMAL/IM-0087-0001.jpeg,NORMAL,NORMAL,0.877388596534729,0.12261141091585159
test/NORMAL/IM-0089-0001.jpeg,NORMAL,NORMAL,0.9886371493339539,0.011362790130078793
test/NORMAL/IM-0091-0001.jpeg,NORMAL,NORMAL,0.662050724029541,0.3379492461681366
test/NORMAL/IM-0093-0001.jpeg,NORMAL,NORMAL,0.792141854763031,0.2078581154346466
test/NORMAL/IM-0095-0001.jpeg,NORMAL,NORMAL,0.9720215201377869,0.027978431433439255
test/NORMAL/IM-0097-0001.jpeg,NORMAL,NORMAL,0.629157304763794,0.37084266543388367
test/NORMAL/IM-0099-0001.jpeg,NORMAL,NORMAL,0.9978534579277039,0.0021465355530381203
test/NORMAL/IM-0101-0001.jpeg,NORMAL,NORMAL,0.8179873824119568,0.1820126175880432
test/NORMAL/IM-0102-0001.jpeg,NORMAL,NORMAL,0.7248790860176086,0.27512097358703613
test/NORMAL/IM-0103-0001.jpeg,NORMAL,NORMAL,0.9941670894622803,0.0058329468593001366
test/NORMAL/IM-0105-0001.jpeg,NORMAL,NORMAL,0.9514582753181458,0.04854172468185425
test/NORMAL/IM-0107-0001.jpeg,NORMAL,NORMAL,0.9857175350189209,0.014282450079917908
test/NORMAL/IM-0109-0001.jpeg,NORMAL,NORMAL,0.747786819934845,0.25221315026283264
test/NORMAL/IM-0110-0001.jpeg,NORMAL,NORMAL,0.5574462413787842,0.4425537884235382
test/NORMAL/IM-0111-0001.jpeg,NORMAL,NORMAL,0.9074962139129639,0.09250383079051971
test/NORMAL/NORMAL2-IM-0007-0001.jpeg,NORMAL,PNEUMONIA,0.3705757260322571,0.6294242739677429
test/NORMAL/NORMAL2-IM-0012-0001.jpeg,NORMAL,NORMAL,0.9664445519447327,0.03355545550584793
test/NORMAL/NORMAL2-IM-0013-0001.jpeg,NORMAL,NORMAL,0.815386950969696,0.18461307883262634
test/NORMAL/NORMAL2-IM-0019-0001.jpeg,NORMAL,PNEUMONIA,0.4281320571899414,0.5718679428100586
test/NORMAL/NORMAL2-IM-0023-0001.jpeg,NORMAL,NORMAL,0.9110621213912964,0.08893785625696182
test/NORMAL/NORMAL2-IM-0027-0001.jpeg,NORMAL,NORMAL,0.9162042140960693,0.08379577845335007
test/NORMAL/NORMAL2-IM-0028-0001.jpeg,NORMAL,PNEUMONIA,0.46802446246147156,0.5319755673408508
test/NORMAL/NORMAL2-IM-0029-0001.jpeg,NORMAL,NORMAL,0.9829487204551697,0.017051294445991516
test/NORMAL/NORMAL2-IM-0030-0001.jpeg,NORMAL,NORMAL,0.6337464451789856,0.3662535548210144
test/NORMAL/NORMAL2-IM-0033-0001.jpeg,NORMAL,NORMAL,0.9932559728622437,0.0067440057173371315
test/NORMAL/NORMAL2-IM-0035-0001.jpeg,NORMAL,NORMAL,0.9763878583908081,0.023612119257450104
test/NORMAL/NORMAL2-IM-0041-0001.jpeg,NORMAL,NORMAL,0.8249117136001587,0.17508824169635773
test/NORMAL/NORMAL2-IM-0045-0001.jpeg,NORMAL,NORMAL,0.924787700176239,0.07521231472492218
test/NORMAL/NORMAL2-IM-0051-0001.jpeg,NORMAL,NORMAL,0.9955822825431824,0.004417711403220892
test/NORMAL/NORMAL2-IM-0052-0001.jpeg,NORMAL,PNEUMONIA,0.44000834226608276,0.5599916577339172
test/NORMAL/NORMAL2-IM-0058-0001.jpeg,NORMAL,NORMAL,0.9229774475097656,0.07702258229255676
test/NORMAL/NORMAL2-IM-0059-0001.jpeg,NORMAL,NORMAL,0.838493287563324,0.16150671243667603
test/NORMAL/NORMAL2-IM-0060-0001.jpeg,NORMAL,NORMAL,0.9829176068305969,0.017082395032048225
test/NORMAL/NORMAL2-IM-0066-0001.jpeg,NORMAL,NORMAL,0.8276897072792053,0.17231030762195587
test/NORMAL/NORMAL2-IM-0072-0001.jpeg,NORMAL,NORMAL,0.5918476581573486,0.40815234184265137
test/NORMAL/NORMAL2-IM-0073-0001.jpeg,NORMAL,PNEUMONIA,0.2608615756034851,0.7391383647918701
test/NORMAL/NORMAL2-IM-0079-0001.jpeg,NORMAL,NORMAL,0.8966935873031616,0.10330645740032196
test/NORMAL/NORMAL2-IM-0081-0001.jpeg,NORMAL,NORMAL,0.6174295544624329,0.38257038593292236
test/NORMAL/NORMAL2-IM-0086-0001.jpeg,NORMAL,NORMAL,0.6105636358261108,0.38943639397621155
test/NORMAL/NORMAL2-IM-0092-0001.jpeg,NORMAL,NORMAL,0.8173907995223999,0.18260923027992249
test/NORMAL/NORMAL2-IM-0095-0001.jpeg,NORMAL,NORMAL,0.5021052956581116,0.4978947043418884
test/NORMAL/NORMAL2-IM-0096-0001.jpeg,NORMAL,NORMAL,0.5021052956581116,0.4978947043418884
test/NORMAL/NORMAL2-IM-0098-0001.jpeg,NORMAL,NORMAL,0.7809574604034424,0.2190425544977188
test/NORMAL/NORMAL2-IM-0102-0001.jpeg,NORMAL,PNEUMONIA,0.2228875756263733,0.7771124839782715
test/NORMAL/NORMAL2-IM-0105-0001.jpeg,NORMAL,NORMAL,0.6136775612831116,0.3863224685192108
test/NORMAL/NORMAL2-IM-0107-0001.jpeg,NORMAL,NORMAL,0.7220883965492249,0.27791163325309753
test/NORMAL/NORMAL2-IM-0110-0001.jpeg,NORMAL,NORMAL,0.9872658252716064,0.012734171003103256
test/NORMAL/NORMAL2-IM-0111-0001.jpeg,NORMAL,PNEUMONIA,0.22553806006908417,0.7744619846343994
test/NORMAL/NORMAL2-IM-0112-0001.jpeg,NORMAL,NORMAL,0.9036933183670044,0.09630672633647919
test/NORMAL/NORMAL2-IM-0117-0001.jpeg,NORMAL,PNEUMONIA,0.39105919003486633,0.608940839767456
test/NORMAL/NORMAL2-IM-0120-0001.jpeg,NORMAL,PNEUMONIA,0.35724613070487976,0.6427538990974426
test/NORMAL/NORMAL2-IM-0123-0001.jpeg,NORMAL,PNEUMONIA,0.39988696575164795,0.600113034248352
test/NORMAL/NORMAL2-IM-0129-0001.jpeg,NORMAL,NORMAL,0.9814468622207642,0.018553083762526512
test/NORMAL/NORMAL2-IM-0130-0001.jpeg,NORMAL,NORMAL,0.9744192957878113,0.025580739602446556
test/NORMAL/NORMAL2-IM-0131-0001.jpeg,NORMAL,NORMAL,0.8804340958595276,0.11956588923931122
test/NORMAL/NORMAL2-IM-0132-0001.jpeg,NORMAL,NORMAL,0.7775304317474365,0.2224695086479187
test/NORMAL/NORMAL2-IM-0135-0001.jpeg,NORMAL,NORMAL,0.9118155241012573,0.08818446099758148
test/NORMAL/NORMAL2-IM-0139-0001.jpeg,NORMAL,NORMAL,0.7672503590583801,0.23274967074394226
test/NORMAL/NORMAL2-IM-0141-0001.jpeg,NORMAL,NORMAL,0.9774187207221985,0.02258128486573696
test/NORMAL/NORMAL2-IM-0145-0001.jpeg,NORMAL,PNEUMONIA,0.33940932154655457,0.6605907678604126
test/NORMAL/NORMAL2-IM-0146-0001.jpeg,NORMAL,NORMAL,0.8512952327728271,0.14870479702949524
test/NORMAL/NORMAL2-IM-0150-0001.jpeg,NORMAL,PNEUMONIA,0.4662235975265503,0.5337764024734497
test/NORMAL/NORMAL2-IM-0171-0001.jpeg,NORMAL,PNEUMONIA,0.3903263509273529,0.6096736192703247
test/NORMAL/NORMAL2-IM-0173-0001-0001.jpeg,NORMAL,NORMAL,0.6286686658859253,0.3713313639163971
test/NORMAL/NORMAL2-IM-0173-0001-0002.jpeg,NORMAL,NORMAL,0.6286686658859253,0.3713313639163971
test/NORMAL/NORMAL2-IM-0195-0001.jpeg,NORMAL,PNEUMONIA,0.15898053348064423,0.8410194516181946
test/NORMAL/NORMAL2-IM-0196-0001.jpeg,NORMAL,NORMAL,0.6388151049613953,0.3611849248409271
test/NORMAL/NORMAL2-IM-0198-0001.jpeg,NORMAL,PNEUMONIA,0.24387694895267487,0.7561230659484863
test/NORMAL/NORMAL2-IM-0199-0001.jpeg,NORMAL,PNEUMONIA,0.29082438349723816,0.7091756463050842
test/NORMAL/NORMAL2-IM-0201-0001.jpeg,NORMAL,PNEUMONIA,0.303938090801239,0.6960619688034058
test/NORMAL/NORMAL2-IM-0206-0001.jpeg,NORMAL,PNEUMONIA,0.24087588489055634,0.7591241002082825
test/NORMAL/NORMAL2-IM-0207-0001.jpeg,NORMAL,NORMAL,0.7718282341957092,0.22817176580429077
test/NORMAL/NORMAL2-IM-0210-0001.jpeg,NORMAL,PNEUMONIA,0.056066714227199554,0.9439333081245422
test/NORMAL/NORMAL2-IM-0213-0001.jpeg,NORMAL,PNEUMONIA,0.05754978954792023,0.942450225353241
test/NORMAL/NORMAL2-IM-0217-0001.jpeg,NORMAL,PNEUMONIA,0.4728407561779022,0.5271592140197754
test/NORMAL/NORMAL2-IM-0219-0001.jpeg,NORMAL,PNEUMONIA,0.031583353877067566,0.9684166312217712
test/NORMAL/NORMAL2-IM-0221-0001.jpeg,NORMAL,PNEUMONIA,0.3176370859146118,0.6823629140853882
test/NORMAL/NORMAL2-IM-0222-0001.jpeg,NORMAL,PNEUMONIA,0.3374711275100708,0.6625288724899292
test/NORMAL/NORMAL2-IM-0229-0001.jpeg,NORMAL,PNEUMONIA,0.13637199997901917,0.8636280298233032
test/NORMAL/NORMAL2-IM-0232-0001.jpeg,NORMAL,PNEUMONIA,0.04081049934029579,0.9591894745826721
test/NORMAL/NORMAL2-IM-0233-0001.jpeg,NORMAL,PNEUMONIA,0.03802907466888428,0.9619709849357605
test/NORMAL/NORMAL2-IM-0237-0001.jpeg,NORMAL,PNEUMONIA,0.18196970224380493,0.8180302977561951
test/NORMAL/NORMAL2-IM-0238-0001.jpeg,NORMAL,PNEUMONIA,0.19735856354236603,0.8026414513587952
test/NORMAL/NORMAL2-IM-0241-0001.jpeg,NORMAL,PNEUMONIA,0.43784570693969727,0.5621542930603027
test/NORMAL/NORMAL2-IM-0246-0001-0001.jpeg,NORMAL,NORMAL,0.6656297445297241,0.33437031507492065
test/NORMAL/NORMAL2-IM-0246-0001-0002.jpeg,NORMAL,NORMAL,0.6656297445297241,0.33437031507492065
test/NORMAL/NORMAL2-IM-0246-0001.jpeg,NORMAL,PNEUMONIA,0.08826519548892975,0.9117348790168762
test/NORMAL/NORMAL2-IM-0249-0001.jpeg,NORMAL,PNEUMONIA,0.2334228754043579,0.7665771842002869
test/NORMAL/NORMAL2-IM-0251-0001.jpeg,NORMAL,PNEUMONIA,0.14133022725582123,0.8586698174476624
test/NORMAL/NORMAL2-IM-0252-0001.jpeg,NORMAL,PNEUMONIA,0.22398871183395386,0.7760113477706909
test/NORMAL/NORMAL2-IM-0256-0001.jpeg,NORMAL,PNEUMONIA,0.0011083304416388273,0.9988916516304016
test/NORMAL/NORMAL2-IM-0259-0001.jpeg,NORMAL,PNEUMONIA,0.1240358054637909,0.8759641647338867
test/NORMAL/NORMAL2-IM-0267-0001.jpeg,NORMAL,PNEUMONIA,0.13404400646686554,0.8659559488296509
test/NORMAL/NORMAL2-IM-0271-0001.jpeg,NORMAL,NORMAL,0.6249045133590698,0.37509554624557495
test/NORMAL/NORMAL2-IM-0272-0001.jpeg,NORMAL,NORMAL,0.9277718663215637,0.07222817838191986
test/NORMAL/NORMAL2-IM-0273-0001.jpeg,NORMAL,NORMAL,0.5054629445075989,0.4945371150970459
test/NORMAL/NORMAL2-IM-0274-0001.jpeg,NORMAL,NORMAL,0.9857636094093323,0.014236350543797016
test/NORMAL/NORMAL2-IM-0275-0001.jpeg,NORMAL,NORMAL,0.9091423153877258,0.09085766971111298
test/NORMAL/NORMAL2-IM-0276-0001.jpeg,NORMAL,NORMAL,0.8458333611488342,0.15416665375232697
test/NORMAL/NORMAL2-IM-0277-0001.jpeg,NORMAL,NORMAL,0.8549173474311829,0.14508263766765594
test/NORMAL/NORMAL2-IM-0278-0001.jpeg,NORMAL,NORMAL,0.8873295783996582,0.11267044395208359
test/NORMAL/NORMAL2-IM-0279-0001.jpeg,NORMAL,NORMAL,0.9005419611930847,0.09945801645517349
test/NORMAL/NORMAL2-IM-0280-0001.jpeg,NORMAL,NORMAL,0.7680417895317078,0.23195822536945343
test/NORMAL/NORMAL2-IM-0281-0001.jpeg,NORMAL,NORMAL,0.9468729496002197,0.0531269907951355
test/NORMAL/NORMAL2-IM-0282-0001.jpeg,NORMAL,PNEUMONIA,0.10047896951436996,0.8995211124420166
test/NORMAL/NORMAL2-IM-0283-0001.jpeg,NORMAL,PNEUMONIA,0.30696338415145874,0.6930366158485413
test/NORMAL/NORMAL2-IM-0285-0001.jpeg,NORMAL,PNEUMONIA,0.41712331771850586,0.5828766822814941
test/NORMAL/NORMAL2-IM-0286-0001.jpeg,NORMAL,NORMAL,0.8808894157409668,0.11911055445671082
test/NORMAL/NORMAL2-IM-0287-0001.jpeg,NORMAL,NORMAL,0.9549453854560852,0.04505461826920509
test/NORMAL/NORMAL2-IM-0288-0001.jpeg,NORMAL,NORMAL,0.9563817381858826,0.04361821711063385
test/NORMAL/NORMAL2-IM-0289-0001.jpeg,NORMAL,NORMAL,0.9639040231704712,0.03609595075249672
test/NORMAL/NORMAL2-IM-0290-0001.jpeg,NORMAL,NORMAL,0.8146461248397827,0.18535393476486206
test/NORMAL/NORMAL2-IM-0292-0001.jpeg,NORMAL,PNEUMONIA,0.16529475152492523,0.8347052931785583
test/NORMAL/NORMAL2-IM-0294-0001.jpeg,NORMAL,NORMAL,0.8276368975639343,0.1723630726337433
test/NORMAL/NORMAL2-IM-0297-0001.jpeg,NORMAL,NORMAL,0.9604413509368896,0.03955867886543274
test/NORMAL/NORMAL2-IM-0300-0001.jpeg,NORMAL,NORMAL,0.8656063675880432,0.1343935877084732
test/NORMAL/NORMAL2-IM-0301-0001.jpeg,NORMAL,NORMAL,0.9311061501502991,0.06889387220144272
test/NORMAL/NORMAL2-IM-0302-0001.jpeg,NORMAL,NORMAL,0.8846959471702576,0.11530409008264542
test/NORMAL/NORMAL2-IM-0303-0001.jpeg,NORMAL,NORMAL,0.8771265149116516,0.12287352979183197
test/NORMAL/NORMAL2-IM-0304-0001.jpeg,NORMAL,NORMAL,0.8141116499900818,0.18588833510875702
test/NORMAL/NORMAL2-IM-0305-0001.jpeg,NORMAL,NORMAL,0.6156442761421204,0.384355753660202
test/NORMAL/NORMAL2-IM-0307-0001.jpeg,NORMAL,NORMAL,0.9807448387145996,0.019255174323916435
test/NORMAL/NORMAL2-IM-0309-0001.jpeg,NORMAL,NORMAL,0.9934247732162476,0.0065751755610108376
test/NORMAL/NORMAL2-IM-0310-0001.jpeg,NORMAL,NORMAL,0.9472938179969788,0.05270615220069885
test/NORMAL/NORMAL2-IM-0311-0001.jpeg,NORMAL,NORMAL,0.9758502840995789,0.024149715900421143
test/NORMAL/NORMAL2-IM-0312-0001.jpeg,NORMAL,NORMAL,0.7181491851806641,0.2818508446216583
test/NORMAL/NORMAL2-IM-0313-0001.jpeg,NORMAL,NORMAL,0.9058482646942139,0.09415168315172195
test/NORMAL/NORMAL2-IM-0315-0001.jpeg,NORMAL,NORMAL,0.5265610218048096,0.47343894839286804
test/NORMAL/NORMAL2-IM-0316-0001.jpeg,NORMAL,PNEUMONIA,0.3329172432422638,0.6670827865600586
test/NORMAL/NORMAL2-IM-0317-0001.jpeg,NORMAL,NORMAL,0.9768285751342773,0.02317148447036743
test/NORMAL/NORMAL2-IM-0319-0001.jpeg,NORMAL,NORMAL,0.9025927782058716,0.09740718454122543
test/NORMAL/NORMAL2-IM-0321-0001.jpeg,NORMAL,NORMAL,0.9826885461807251,0.017311464995145798
test/NORMAL/NORMAL2-IM-0322-0001.jpeg,NORMAL,PNEUMONIA,0.3867683708667755,0.6132316589355469
test/NORMAL/NORMAL2-IM-0323-0001.jpeg,NORMAL,NORMAL,0.9959774613380432,0.004022516310214996
test/NORMAL/NORMAL2-IM-0325-0001.jpeg,NORMAL,NORMAL,0.7282543778419495,0.27174556255340576
test/NORMAL/NORMAL2-IM-0326-0001.jpeg,NORMAL,NORMAL,0.9878922700881958,0.012107769958674908
test/NORMAL/NORMAL2-IM-0327-0001.jpeg,NORMAL,PNEUMONIA,0.44934025406837463,0.5506597757339478
test/NORMAL/NORMAL2-IM-0328-0001.jpeg,NORMAL,NORMAL,0.9102892875671387,0.08971071243286133
test/NORMAL/NORMAL2-IM-0329-0001.jpeg,NORMAL,NORMAL,0.8713313341140747,0.12866869568824768
test/NORMAL/NORMAL2-IM-0330-0001.jpeg,NORMAL,PNEUMONIA,0.3213450610637665,0.6786549091339111
test/NORMAL/NORMAL2-IM-0331-0001.jpeg,NORMAL,NORMAL,0.8944482803344727,0.10555174201726913
test/NORMAL/NORMAL2-IM-0332-0001.jpeg,NORMAL,NORMAL,0.7518276572227478,0.24817237257957458
test/NORMAL/NORMAL2-IM-0333-0001.jpeg,NORMAL,NORMAL,0.9415397644042969,0.058460261672735214
test/NORMAL/NORMAL2-IM-0335-0001.jpeg,NORMAL,NORMAL,0.6277813911437988,0.37221866846084595
test/NORMAL/NORMAL2-IM-0336-0001.jpeg,NORMAL,NORMAL,0.6046924591064453,0.3953075706958771
test/NORMAL/NORMAL2-IM-0337-0001.jpeg,NORMAL,NORMAL,0.9816270470619202,0.018372949212789536
test/NORMAL/NORMAL2-IM-0338-0001.jpeg,NORMAL,NORMAL,0.7724990248680115,0.22750093042850494
test/NORMAL/NORMAL2-IM-0339-0001.jpeg,NORMAL,NORMAL,0.8805292248725891,0.11947084218263626
test/NORMAL/NORMAL2-IM-0340-0001.jpeg,NORMAL,NORMAL,0.7938030958175659,0.20619691908359528
test/NORMAL/NORMAL2-IM-0341-0001.jpeg,NORMAL,NORMAL,0.8129072785377502,0.18709276616573334
test/NORMAL/NORMAL2-IM-0343-0001.jpeg,NORMAL,NORMAL,0.9227603673934937,0.07723962515592575
test/NORMAL/NORMAL2-IM-0345-0001.jpeg,NORMAL,NORMAL,0.9855153560638428,0.014484657905995846
test/NORMAL/NORMAL2-IM-0346-0001.jpeg,NORMAL,NORMAL,0.9842292070388794,0.015770863741636276
test/NORMAL/NORMAL2-IM-0347-0001.jpeg,NORMAL,PNEUMONIA,0.4194428324699402,0.5805571675300598
test/NORMAL/NORMAL2-IM-0348-0001.jpeg,NORMAL,NORMAL,0.9502556324005127,0.04974433779716492
test/NORMAL/NORMAL2-IM-0349-0001.jpeg,NORMAL,PNEUMONIA,0.17333896458148956,0.8266609907150269
test/NORMAL/NORMAL2-IM-0350-0001.jpeg,NORMAL,NORMAL,0.9431827664375305,0.056817248463630676
test/NORMAL/NORMAL2-IM-0351-0001.jpeg,NORMAL,NORMAL,0.8528391718864441,0.14716076850891113
test/NORMAL/NORMAL2-IM-0352-0001.jpeg,NORMAL,NORMAL,0.9833714365959167,0.016628514975309372
test/NORMAL/NORMAL2-IM-0353-0001.jpeg,NORMAL,NORMAL,0.6929800510406494,0.3070199191570282
test/NORMAL/NORMAL2-IM-0354-0001.jpeg,NORMAL,NORMAL,0.9893816709518433,0.01061827689409256
test/NORMAL/NORMAL2-IM-0357-0001.jpeg,NORMAL,NORMAL,0.9747655391693115,0.025234458968043327
test/NORMAL/NORMAL2-IM-0359-0001.jpeg,NORMAL,NORMAL,0.7974978089332581,0.20250225067138672
test/NORMAL/NORMAL2-IM-0360-0001.jpeg,NORMAL,NORMAL,0.8448384404182434,0.155161514878273
test/NORMAL/NORMAL2-IM-0361-0001.jpeg,NORMAL,PNEUMONIA,0.2815716862678528,0.718428373336792
test/NORMAL/NORMAL2-IM-0362-0001.jpeg,NORMAL,NORMAL,0.5890606045722961,0.41093939542770386
test/NORMAL/NORMAL2-IM-0364-0001.jpeg,NORMAL,NORMAL,0.6255099177360535,0.37449005246162415
test/NORMAL/NORMAL2-IM-0366-0001.jpeg,NORMAL,NORMAL,0.916776716709137,0.08322324603796005
test/NORMAL/NORMAL2-IM-0368-0001.jpeg,NORMAL,NORMAL,0.5667695999145508,0.4332304894924164
test/NORMAL/NORMAL2-IM-0369-0001.jpeg,NORMAL,NORMAL,0.619377851486206,0.38062214851379395
test/NORMAL/NORMAL2-IM-0370-0001.jpeg,NORMAL,NORMAL,0.984806478023529,0.015193557366728783
test/NORMAL/NORMAL2-IM-0372-0001.jpeg,NORMAL,NORMAL,0.8240218162536621,0.17597821354866028
test/NORMAL/NORMAL2-IM-0373-0001.jpeg,NORMAL,PNEUMONIA,0.19963742792606354,0.8003625869750977
test/NORMAL/NORMAL2-IM-0374-0001-0001.jpeg,NORMAL,NORMAL,0.923601508140564,0.07639843970537186
test/NORMAL/NORMAL2-IM-0374-0001-0002.jpeg,NORMAL,NORMAL,0.6186439394950867,0.38135603070259094
test/NORMAL/NORMAL2-IM-0374-0001.jpeg,NORMAL,NORMAL,0.9952303767204285,0.004769598599523306
test/NORMAL/NORMAL2-IM-0376-0001.jpeg,NORMAL,NORMAL,0.7275211215019226,0.27247893810272217
test/NORMAL/NORMAL2-IM-0378-0001.jpeg,NORMAL,NORMAL,0.7963163256645203,0.20368362963199615
test/NORMAL/NORMAL2-IM-0380-0001.jpeg,NORMAL,NORMAL,0.849185049533844,0.15081501007080078
test/NORMAL/NORMAL2-IM-0381-0001.jpeg,NORMAL,NORMAL,0.7622023224830627,0.23779766261577606
test/PNEUMONIA/person100_bacteria_475.jpeg,PNEUMONIA,PNEUMONIA,0.3737666606903076,0.6262332797050476
test/PNEUMONIA/person100_bacteria_477.jpeg,PNEUMONIA,PNEUMONIA,0.041642263531684875,0.9583577513694763
test/PNEUMONIA/person100_bacteria_478.jpeg,PNEUMONIA,PNEUMONIA,0.02731560915708542,0.972684383392334
test/PNEUMONIA/person100_bacteria_479.jpeg,PNEUMONIA,PNEUMONIA,0.004665297456085682,0.9953346848487854
test/PNEUMONIA/person100_bacteria_480.jpeg,PNEUMONIA,PNEUMONIA,0.0037995544262230396,0.9962003827095032
test/PNEUMONIA/person100_bacteria_481.jpeg,PNEUMONIA,PNEUMONIA,0.007367188576608896,0.9926328063011169
test/PNEUMONIA/person100_bacteria_482.jpeg,PNEUMONIA,PNEUMONIA,0.04305035248398781,0.9569496512413025
test/PNEUMONIA/person101_bacteria_483.jpeg,PNEUMONIA,PNEUMONIA,0.00936712697148323,0.9906328916549683
test/PNEUMONIA/person101_bacteria_484.jpeg,PNEUMONIA,PNEUMONIA,0.004522290546447039,0.9954777359962463
test/PNEUMONIA/person101_bacteria_485.jpeg,PNEUMONIA,PNEUMONIA,0.013500861823558807,0.9864991903305054
test/PNEUMONIA/person101_bacteria_486.jpeg,PNEUMONIA,PNEUMONIA,0.005036474205553532,0.994963526725769
test/PNEUMONIA/person102_bacteria_487.jpeg,PNEUMONIA,PNEUMONIA,0.02832171693444252,0.9716782569885254
test/PNEUMONIA/person103_bacteria_488.jpeg,PNEUMONIA,PNEUMONIA,0.0014249294763430953,0.9985750913619995
test/PNEUMONIA/person103_bacteria_489.jpeg,PNEUMONIA,PNEUMONIA,0.016306370496749878,0.9836936593055725
test/PNEUMONIA/person103_bacteria_490.jpeg,PNEUMONIA,NORMAL,0.6640808582305908,0.33591923117637634
test/PNEUMONIA/person104_bacteria_491.jpeg,PNEUMONIA,PNEUMONIA,0.03565612807869911,0.9643438458442688
test/PNEUMONIA/person104_bacteria_492.jpeg,PNEUMONIA,PNEUMONIA,0.001982829999178648,0.9980171918869019
test/PNEUMONIA/person108_bacteria_504.jpeg,PNEUMONIA,PNEUMONIA,0.08626250922679901,0.9137374758720398
test/PNEUMONIA/person108_bacteria_506.jpeg,PNEUMONIA,PNEUMONIA,0.018928423523902893,0.9810715317726135
test/PNEUMONIA/person108_bacteria_507.jpeg,PNEUMONIA,PNEUMONIA,0.060142312198877335,0.9398577213287354
test/PNEUMONIA/person108_bacteria_511.jpeg,PNEUMONIA,NORMAL,0.6968640685081482,0.3031359016895294
test/PNEUMONIA/person109_bacteria_512.jpeg,PNEUMONIA,PNEUMONIA,0.35771816968917847,0.6422818303108215
test/PNEUMONIA/person109_bacteria_513.jpeg,PNEUMONIA,PNEUMONIA,0.014925419352948666,0.985074520111084
test/PNEUMONIA/person109_bacteria_517.jpeg,PNEUMONIA,PNEUMONIA,0.013277379795908928,0.9867226481437683
test/PNEUMONIA/person109_bacteria_519.jpeg,PNEUMONIA,PNEUMONIA,0.03879412263631821,0.9612058997154236
test/PNEUMONIA/person109_bacteria_522.jpeg,PNEUMONIA,PNEUMONIA,0.12924005091190338,0.8707599639892578
test/PNEUMONIA/person109_bacteria_523.jpeg,PNEUMONIA,PNEUMONIA,0.009636537171900272,0.9903634190559387
test/PNEUMONIA/person109_bacteria_526.jpeg,PNEUMONIA,PNEUMONIA,0.004351908806711435,0.9956480860710144
test/PNEUMONIA/person109_bacteria_527.jpeg,PNEUMONIA,PNEUMONIA,0.007652124390006065,0.9923478364944458
test/PNEUMONIA/person109_bacteria_528.jpeg,PNEUMONIA,PNEUMONIA,0.07009587436914444,0.9299041032791138
test/PNEUMONIA/person10_virus_35.jpeg,PNEUMONIA,PNEUMONIA,0.05078698694705963,0.9492129683494568
test/PNEUMONIA/person110_bacteria_531.jpeg,PNEUMONIA,PNEUMONIA,0.048647280782461166,0.9513527154922485
test/PNEUMONIA/person111_bacteria_533.jpeg,PNEUMONIA,PNEUMONIA,0.0011932083871215582,0.9988068342208862
test/PNEUMONIA/person111_bacteria_534.jpeg,PNEUMONIA,PNEUMONIA,0.13960440456867218,0.8603956699371338
test/PNEUMONIA/person111_bacteria_535.jpeg,PNEUMONIA,PNEUMONIA,0.0030867410823702812,0.9969131946563721
test/PNEUMONIA/person111_bacteria_536.jpeg,PNEUMONIA,PNEUMONIA,0.06596636772155762,0.9340335726737976
test/PNEUMONIA/person111_bacteria_537.jpeg,PNEUMONIA,PNEUMONIA,0.07042603194713593,0.9295740127563477
test/PNEUMONIA/person112_bacteria_538.jpeg,PNEUMONIA,PNEUMONIA,0.062418363988399506,0.9375816583633423
test/PNEUMONIA/person112_bacteria_539.jpeg,PNEUMONIA,PNEUMONIA,0.06004786863923073,0.9399520754814148
test/PNEUMONIA/person113_bacteria_540.jpeg,PNEUMONIA,PNEUMONIA,0.006014407146722078,0.9939855933189392
test/PNEUMONIA/person113_bacteria_541.jpeg,PNEUMONIA,PNEUMONIA,0.004153108689934015,0.9958469271659851
test/PNEUMONIA/person113_bacteria_542.jpeg,PNEUMONIA,PNEUMONIA,0.0060715219005942345,0.9939284324645996
test/PNEUMONIA/person113_bacteria_543.jpeg,PNEUMONIA,NORMAL,0.5015892386436462,0.4984106719493866
test/PNEUMONIA/person114_bacteria_544.jpeg,PNEUMONIA,PNEUMONIA,0.023385582491755486,0.9766144156455994
test/PNEUMONIA/person114_bacteria_545.jpeg,PNEUMONIA,PNEUMONIA,0.12703701853752136,0.872963011264801
test/PNEUMONIA/person114_bacteria_546.jpeg,PNEUMONIA,PNEUMONIA,0.0038491827435791492,0.9961508512496948
test/PNEUMONIA/person117_bacteria_553.jpeg,PNEUMONIA,PNEUMONIA,0.026604440063238144,0.9733955264091492
test/PNEUMONIA/person117_bacteria_556.jpeg,PNEUMONIA,PNEUMONIA,0.0682428628206253,0.9317571520805359
test/PNEUMONIA/person117_bacteria_557.jpeg,PNEUMONIA,NORMAL,0.9283913373947144,0.07160869240760803
test/PNEUMONIA/person118_bacteria_559.jpeg,PNEUMONIA,PNEUMONIA,0.05466695874929428,0.9453331232070923
test/PNEUMONIA/person118_bacteria_560.jpeg,PNEUMONIA,PNEUMONIA,0.18573498725891113,0.8142650127410889
test/PNEUMONIA/person119_bacteria_565.jpeg,PNEUMONIA,PNEUMONIA,0.0012309361482039094,0.9987689852714539
test/PNEUMONIA/person119_bacteria_566.jpeg,PNEUMONIA,PNEUMONIA,0.00534858601167798,0.9946514964103699
test/PNEUMONIA/person119_bacteria_567.jpeg,PNEUMONIA,PNEUMONIA,0.45379090309143066,0.5462091565132141
test/PNEUMONIA/person119_bacteria_568.jpeg,PNEUMONIA,NORMAL,0.7803754210472107,0.21962454915046692
test/PNEUMONIA/person11_virus_38.jpeg,PNEUMONIA,PNEUMONIA,0.02189594693481922,0.9781041145324707
test/PNEUMONIA/person120_bacteria_570.jpeg,PNEUMONIA,PNEUMONIA,0.030712325125932693,0.969287633895874
test/PNEUMONIA/person120_bacteria_571.jpeg,PNEUMONIA,PNEUMONIA,0.0059334030374884605,0.994066596031189
test/PNEUMONIA/person120_bacteria_572.jpeg,PNEUMONIA,PNEUMONIA,0.026686545461416245,0.9733134508132935
test/PNEUMONIA/person120_bacteria_573.jpeg,PNEUMONIA,PNEUMONIA,0.22010383009910583,0.7798961400985718
test/PNEUMONIA/person121_bacteria_575.jpeg,PNEUMONIA,PNEUMONIA,0.039704129099845886,0.9602958559989929
test/PNEUMONIA/person121_bacteria_576.jpeg,PNEUMONIA,PNEUMONIA,0.0027360962703824043,0.9972639083862305
test/PNEUMONIA/person121_bacteria_578.jpeg,PNEUMONIA,PNEUMONIA,0.00397133594378829,0.9960286617279053
test/PNEUMONIA/person121_bacteria_579.jpeg,PNEUMONIA,PNEUMONIA,0.008752542547881603,0.9912474751472473
test/PNEUMONIA/person121_bacteria_580.jpeg,PNEUMONIA,PNEUMONIA,0.48684394359588623,0.5131560564041138
test/PNEUMONIA/person122_bacteria_581.jpeg,PNEUMONIA,NORMAL,0.7845397591590881,0.21546031534671783
test/PNEUMONIA/person122_bacteria_582.jpeg,PNEUMONIA,PNEUMONIA,0.001926442258991301,0.9980735778808594
test/PNEUMONIA/person122_bacteria_583.jpeg,PNEUMONIA,PNEUMONIA,0.021769871935248375,0.9782301187515259
test/PNEUMONIA/person122_bacteria_584.jpeg,PNEUMONIA,PNEUMONIA,0.06115035340189934,0.9388495683670044
test/PNEUMONIA/person122_bacteria_585.jpeg,PNEUMONIA,PNEUMONIA,0.025083817541599274,0.9749162197113037
test/PNEUMONIA/person122_bacteria_586.jpeg,PNEUMONIA,PNEUMONIA,0.002755147637799382,0.9972448348999023
test/PNEUMONIA/person123_bacteria_587.jpeg,PNEUMONIA,PNEUMONIA,0.01584465615451336,0.9841554164886475
test/PNEUMONIA/person124_bacteria_589.jpeg,PNEUMONIA,PNEUMONIA,0.0011230796808376908,0.9988768696784973
test/PNEUMONIA/person124_bacteria_590.jpeg,PNEUMONIA,PNEUMONIA,0.04604671895503998,0.9539532661437988
test/PNEUMONIA/person124_bacteria_591.jpeg,PNEUMONIA,PNEUMONIA,0.04512292146682739,0.9548770189285278
test/PNEUMONIA/person124_bacteria_592.jpeg,PNEUMONIA,PNEUMONIA,0.17788027226924896,0.8221197128295898
test/PNEUMONIA/person125_bacteria_594.jpeg,PNEUMONIA,PNEUMONIA,0.0023456686176359653,0.997654378414154
test/PNEUMONIA/person125_bacteria_595.jpeg,PNEUMONIA,PNEUMONIA,0.03574899211525917,0.9642510414123535
test/PNEUMONIA/person126_bacteria_598.jpeg,PNEUMONIA,PNEUMONIA,0.003499573329463601,0.9965003728866577
test/PNEUMONIA/person126_bacteria_599.jpeg,PNEUMONIA,PNEUMONIA,0.0020564591977745295,0.9979435801506042
test/PNEUMONIA/person126_bacteria_600.jpeg,PNEUMONIA,PNEUMONIA,0.0073961010202765465,0.9926039576530457
test/PNEUMONIA/person127_bacteria_602.jpeg,PNEUMONIA,PNEUMONIA,0.004822295159101486,0.9951777458190918
test/PNEUMONIA/person127_bacteria_603.jpeg,PNEUMONIA,PNEUMONIA,0.018033942207694054,0.9819660782814026
test/PNEUMONIA/person127_bacteria_604.jpeg,PNEUMONIA,NORMAL,0.842372477054596,0.15762749314308167
test/PNEUMONIA/person128_bacteria_605.jpeg,PNEUMONIA,PNEUMONIA,0.0015733203617855906,0.9984266757965088
test/PNEUMONIA/person128_bacteria_606.jpeg,PNEUMONIA,PNEUMONIA,0.03001469001173973,0.9699853658676147
test/PNEUMONIA/person128_bacteria_607.jpeg,PNEUMONIA,PNEUMONIA,0.03001469001173973,0.9699853658676147
test/PNEUMONIA/person128_bacteria_608.jpeg,PNEUMONIA,PNEUMONIA,0.3845314085483551,0.6154686212539673
test/PNEUMONIA/person130_bacteria_623.jpeg,PNEUMONIA,PNEUMONIA,0.23652829229831696,0.7634717226028442
test/PNEUMONIA/person130_bacteria_625.jpeg,PNEUMONIA,PNEUMONIA,0.007049158681184053,0.9929509162902832
test/PNEUMONIA/person130_bacteria_626.jpeg,PNEUMONIA,PNEUMONIA,0.008769611828029156,0.9912303686141968
test/PNEUMONIA/person130_bacteria_627.jpeg,PNEUMONIA,PNEUMONIA,0.027781786397099495,0.9722182154655457
test/PNEUMONIA/person130_bacteria_628.jpeg,PNEUMONIA,PNEUMONIA,0.04460244998335838,0.9553974866867065
test/PNEUMONIA/person131_bacteria_629.jpeg,PNEUMONIA,PNEUMONIA,0.007192861754447222,0.992807149887085
test/PNEUMONIA/person132_bacteria_632.jpeg,PNEUMONIA,PNEUMONIA,0.014400618150830269,0.9855993986129761
test/PNEUMONIA/person133_bacteria_633.jpeg,PNEUMONIA,PNEUMONIA,0.007625015918165445,0.9923749566078186
test/PNEUMONIA/person133_bacteria_634.jpeg,PNEUMONIA,PNEUMONIA,0.0033110599033534527,0.9966890215873718
test/PNEUMONIA/person133_bacteria_635.jpeg,PNEUMONIA,PNEUMONIA,0.008343270979821682,0.9916567802429199
test/PNEUMONIA/person133_bacteria_637.jpeg,PNEUMONIA,PNEUMONIA,0.018970118835568428,0.9810298681259155
test/PNEUMONIA/person133_bacteria_638.jpeg,PNEUMONIA,PNEUMONIA,0.009095401503145695,0.9909046292304993
test/PNEUMONIA/person134_bacteria_640.jpeg,PNEUMONIA,PNEUMONIA,0.0617278590798378,0.9382721185684204
test/PNEUMONIA/person134_bacteria_641.jpeg,PNEUMONIA,PNEUMONIA,0.1236562505364418,0.8763437867164612
test/PNEUMONIA/person134_bacteria_642.jpeg,PNEUMONIA,PNEUMONIA,0.07618716359138489,0.9238128662109375
test/PNEUMONIA/person134_bacteria_643.jpeg,PNEUMONIA,PNEUMONIA,0.11314740031957626,0.8868525624275208
test/PNEUMONIA/person134_bacteria_644.jpeg,PNEUMONIA,PNEUMONIA,0.11314740031957626,0.8868525624275208
test/PNEUMONIA/person135_bacteria_646.jpeg,PNEUMONIA,PNEUMONIA,0.005079248920083046,0.9949207901954651
test/PNEUMONIA/person135_bacteria_647.jpeg,PNEUMONIA,PNEUMONIA,0.00849620159715414,0.9915037751197815
test/PNEUMONIA/person136_bacteria_648.jpeg,PNEUMONIA,PNEUMONIA,0.3707377016544342,0.6292623281478882
test/PNEUMONIA/person136_bacteria_649.jpeg,PNEUMONIA,PNEUMONIA,0.01597333326935768,0.9840266704559326
test/PNEUMONIA/person136_bacteria_650.jpeg,PNEUMONIA,PNEUMONIA,0.0018289473373442888,0.9981710910797119
test/PNEUMONIA/person136_bacteria_652.jpeg,PNEUMONIA,PNEUMONIA,0.0043385946191847324,0.9956614375114441
test/PNEUMONIA/person136_bacteria_654.jpeg,PNEUMONIA,PNEUMONIA,0.45668667554855347,0.5433133244514465
test/PNEUMONIA/person137_bacteria_655.jpeg,PNEUMONIA,PNEUMONIA,0.05588048696517944,0.9441195726394653
test/PNEUMONIA/person138_bacteria_657.jpeg,PNEUMONIA,PNEUMONIA,0.02455274946987629,0.9754472374916077
test/PNEUMONIA/person138_bacteria_658.jpeg,PNEUMONIA,PNEUMONIA,0.48324504494667053,0.5167549848556519
test/PNEUMONIA/person138_bacteria_659.jpeg,PNEUMONIA,PNEUMONIA,0.1025351956486702,0.8974648118019104
test/PNEUMONIA/person139_bacteria_661.jpeg,PNEUMONIA,PNEUMONIA,0.010564107447862625,0.9894359111785889
test/PNEUMONIA/person139_bacteria_662.jpeg,PNEUMONIA,PNEUMONIA,0.0037971134297549725,0.9962028861045837
test/PNEUMONIA/person139_bacteria_663.jpeg,PNEUMONIA,PNEUMONIA,0.02847420796751976,0.9715257287025452
test/PNEUMONIA/person139_bacteria_664.jpeg,PNEUMONIA,PNEUMONIA,0.001946294796653092,0.9980536699295044
test/PNEUMONIA/person139_bacteria_665.jpeg,PNEUMONIA,PNEUMONIA,0.01700390875339508,0.9829960465431213
test/PNEUMONIA/person139_bacteria_666.jpeg,PNEUMONIA,NORMAL,0.5094274282455444,0.4905725419521332
test/PNEUMONIA/person140_bacteria_667.jpeg,PNEUMONIA,PNEUMONIA,0.042534057050943375,0.9574659466743469
test/PNEUMONIA/person140_bacteria_668.jpeg,PNEUMONIA,NORMAL,0.7297326922416687,0.2702672779560089
test/PNEUMONIA/person141_bacteria_670.jpeg,PNEUMONIA,PNEUMONIA,0.0034928089007735252,0.9965072274208069
test/PNEUMONIA/person141_bacteria_676.jpeg,PNEUMONIA,PNEUMONIA,0.03555067628622055,0.9644493460655212
test/PNEUMONIA/person141_bacteria_677.jpeg,PNEUMONIA,PNEUMONIA,0.2817215621471405,0.7182785272598267
test/PNEUMONIA/person141_bacteria_678.jpeg,PNEUMONIA,PNEUMONIA,0.00618488946929574,0.9938150644302368
test/PNEUMONIA/person141_bacteria_681.jpeg,PNEUMONIA,PNEUMONIA,0.0045541441068053246,0.9954458475112915
test/PNEUMONIA/person142_bacteria_682.jpeg,PNEUMONIA,PNEUMONIA,0.39476802945137024,0.6052320599555969
test/PNEUMONIA/person142_bacteria_683.jpeg,PNEUMONIA,PNEUMONIA,0.0035827327519655228,0.9964172840118408
test/PNEUMONIA/person142_bacteria_684.jpeg,PNEUMONIA,PNEUMONIA,0.0947357788681984,0.9052641987800598
test/PNEUMONIA/person143_bacteria_687.jpeg,PNEUMONIA,PNEUMONIA,0.028096811845898628,0.9719031453132629
test/PNEUMONIA/person143_bacteria_688.jpeg,PNEUMONIA,PNEUMONIA,0.23142275214195251,0.7685772776603699
test/PNEUMONIA/person143_bacteria_689.jpeg,PNEUMONIA,NORMAL,0.7657515406608582,0.23424851894378662
test/PNEUMONIA/person144_bacteria_690.jpeg,PNEUMONIA,PNEUMONIA,0.05730035901069641,0.9426996111869812
test/PNEUMONIA/person145_bacteria_696.jpeg,PNEUMONIA,PNEUMONIA,0.07752406597137451,0.9224759340286255
test/PNEUMONIA/person146_bacteria_700.jpeg,PNEUMONIA,PNEUMONIA,0.02201347053050995,0.9779865145683289
test/PNEUMONIA/person146_bacteria_703.jpeg,PNEUMONIA,PNEUMONIA,0.007255026139318943,0.992745041847229
test/PNEUMONIA/person146_bacteria_704.jpeg,PNEUMONIA,PNEUMONIA,0.1658409684896469,0.8341590762138367
test/PNEUMONIA/person147_bacteria_705.jpeg,PNEUMONIA,PNEUMONIA,0.03412827104330063,0.9658717513084412
test/PNEUMONIA/person147_bacteria_706.jpeg,PNEUMONIA,PNEUMONIA,0.023838352411985397,0.9761616587638855
test/PNEUMONIA/person147_bacteria_707.jpeg,PNEUMONIA,PNEUMONIA,0.10152939707040787,0.8984705209732056
test/PNEUMONIA/person147_bacteria_711.jpeg,PNEUMONIA,NORMAL,0.7532927393913269,0.24670720100402832
test/PNEUMONIA/person149_bacteria_713.jpeg,PNEUMONIA,PNEUMONIA,0.016384778544306755,0.9836152195930481
test/PNEUMONIA/person14_virus_44.jpeg,PNEUMONIA,PNEUMONIA,0.03153960034251213,0.9684603810310364
test/PNEUMONIA/person150_bacteria_715.jpeg,PNEUMONIA,PNEUMONIA,0.004921354819089174,0.9950786828994751
test/PNEUMONIA/person150_bacteria_716.jpeg,PNEUMONIA,PNEUMONIA,0.009875844232738018,0.9901241660118103
test/PNEUMONIA/person150_bacteria_717.jpeg,PNEUMONIA,NORMAL,0.5072119832038879,0.4927879571914673
test/PNEUMONIA/person151_bacteria_718.jpeg,PNEUMONIA,PNEUMONIA,0.0021150633692741394,0.9978849291801453
test/PNEUMONIA/person152_bacteria_720.jpeg,PNEUMONIA,PNEUMONIA,0.025642426684498787,0.9743576049804688
test/PNEUMONIA/person152_bacteria_721.jpeg,PNEUMONIA,PNEUMONIA,0.03569534048438072,0.9643046855926514
test/PNEUMONIA/person152_bacteria_722.jpeg,PNEUMONIA,PNEUMONIA,0.004261218011379242,0.9957387447357178
test/PNEUMONIA/person152_bacteria_723.jpeg,PNEUMONIA,PNEUMONIA,0.009009153582155704,0.9909908771514893
test/PNEUMONIA/person152_bacteria_724.jpeg,PNEUMONIA,PNEUMONIA,0.4582200050354004,0.5417799949645996
test/PNEUMONIA/person153_bacteria_725.jpeg,PNEUMONIA,PNEUMONIA,0.016325831413269043,0.983674168586731
test/PNEUMONIA/person153_bacteria_726.jpeg,PNEUMONIA,NORMAL,0.7145169973373413,0.2854830324649811
test/PNEUMONIA/person154_bacteria_728.jpeg,PNEUMONIA,NORMAL,0.8599158525466919,0.1400841921567917
test/PNEUMONIA/person155_bacteria_729.jpeg,PNEUMONIA,PNEUMONIA,0.03894207999110222,0.9610579609870911
test/PNEUMONIA/person155_bacteria_730.jpeg,PNEUMONIA,PNEUMONIA,0.45719996094703674,0.5428000688552856
test/PNEUMONIA/person155_bacteria_731.jpeg,PNEUMONIA,PNEUMONIA,0.02319134585559368,0.9768086671829224
test/PNEUMONIA/person157_bacteria_735.jpeg,PNEUMONIA,PNEUMONIA,0.008885549381375313,0.9911143779754639
test/PNEUMONIA/person157_bacteria_739.jpeg,PNEUMONIA,PNEUMONIA,0.026167012751102448,0.9738329648971558
test/PNEUMONIA/person157_bacteria_740.jpeg,PNEUMONIA,PNEUMONIA,0.07269623130559921,0.9273037910461426
test/PNEUMONIA/person158_bacteria_742.jpeg,PNEUMONIA,PNEUMONIA,0.002735573099926114,0.9972643852233887
test/PNEUMONIA/person158_bacteria_743.jpeg,PNEUMONIA,PNEUMONIA,0.028421426191926003,0.9715785384178162
test/PNEUMONIA/person158_bacteria_744.jpeg,PNEUMONIA,PNEUMONIA,0.004886022303253412,0.9951139688491821
test/PNEUMONIA/person158_bacteria_745.jpeg,PNEUMONIA,NORMAL,0.6941707134246826,0.3058292865753174
test/PNEUMONIA/person159_bacteria_746.jpeg,PNEUMONIA,PNEUMONIA,0.0018010889180004597,0.998198926448822
test/PNEUMONIA/person159_bacteria_747.jpeg,PNEUMONIA,PNEUMONIA,0.0038071083836257458,0.9961929321289062
test/PNEUMONIA/person15_virus_46.jpeg,PNEUMONIA,NORMAL,0.9586660861968994,0.041333917528390884
test/PNEUMONIA/person1608_virus_2786.jpeg,PNEUMONIA,PNEUMONIA,0.31480672955513,0.6851931810379028
test/PNEUMONIA/person1610_virus_2793.jpeg,PNEUMONIA,PNEUMONIA,0.3845525085926056,0.6154475212097168
test/PNEUMONIA/person1612_virus_2797.jpeg,PNEUMONIA,PNEUMONIA,0.010802804492413998,0.9891971945762634
test/PNEUMONIA/person1612_virus_2798.jpeg,PNEUMONIA,PNEUMONIA,0.056384120136499405,0.9436158537864685
test/PNEUMONIA/person1613_virus_2799.jpeg,PNEUMONIA,PNEUMONIA,0.004208741243928671,0.9957911968231201
test/PNEUMONIA/person1614_virus_2800.jpeg,PNEUMONIA,PNEUMONIA,0.3265377879142761,0.6734622716903687
test/PNEUMONIA/person1615_virus_2801.jpeg,PNEUMONIA,PNEUMONIA,0.05519833043217659,0.9448016881942749
test/PNEUMONIA/person1616_virus_2802.jpeg,PNEUMONIA,PNEUMONIA,0.04884595796465874,0.9511540532112122
test/PNEUMONIA/person1618_virus_2805.jpeg,PNEUMONIA,PNEUMONIA,0.002523186383768916,0.9974767565727234
test/PNEUMONIA/person1619_virus_2806.jpeg,PNEUMONIA,PNEUMONIA,0.06542538106441498,0.9345746040344238
test/PNEUMONIA/person161_bacteria_757.jpeg,PNEUMONIA,PNEUMONIA,0.07804806530475616,0.9219518899917603
test/PNEUMONIA/person161_bacteria_759.jpeg,PNEUMONIA,PNEUMONIA,0.002673923969268799,0.9973260164260864
test/PNEUMONIA/person161_bacteria_762.jpeg,PNEUMONIA,PNEUMONIA,0.3679254949092865,0.6320744752883911
test/PNEUMONIA/person1620_virus_2807.jpeg,PNEUMONIA,PNEUMONIA,0.09372703731060028,0.9062728881835938
test/PNEUMONIA/person1622_virus_2810.jpeg,PNEUMONIA,PNEUMONIA,0.002209568163380027,0.9977904558181763
test/PNEUMONIA/person1623_virus_2813.jpeg,PNEUMONIA,PNEUMONIA,0.16897037625312805,0.8310295939445496
test/PNEUMONIA/person1625_virus_2817.jpeg,PNEUMONIA,PNEUMONIA,0.03262815997004509,0.9673717617988586
test/PNEUMONIA/person1626_virus_2818.jpeg,PNEUMONIA,PNEUMONIA,0.03913901746273041,0.9608609080314636
test/PNEUMONIA/person1627_virus_2819.jpeg,PNEUMONIA,PNEUMONIA,0.0022719164844602346,0.9977280497550964
test/PNEUMONIA/person1628_virus_2821.jpeg,PNEUMONIA,PNEUMONIA,0.04344771057367325,0.9565523266792297
test/PNEUMONIA/person1628_virus_2822.jpeg,PNEUMONIA,PNEUMONIA,0.011454685591161251,0.9885453581809998
test/PNEUMONIA/person1629_virus_2823.jpeg,PNEUMONIA,PNEUMONIA,0.10110587626695633,0.898894190788269
test/PNEUMONIA/person1631_virus_2826.jpeg,PNEUMONIA,PNEUMONIA,0.04521232098340988,0.9547876715660095
test/PNEUMONIA/person1632_virus_2827.jpeg,PNEUMONIA,PNEUMONIA,0.013230209238827229,0.9867697954177856
test/PNEUMONIA/person1633_virus_2829.jpeg,PNEUMONIA,PNEUMONIA,0.012804941274225712,0.9871950745582581
test/PNEUMONIA/person1634_virus_2830.jpeg,PNEUMONIA,PNEUMONIA,0.06766926497220993,0.9323306679725647
test/PNEUMONIA/person1635_virus_2831.jpeg,PNEUMONIA,PNEUMONIA,0.1542801558971405,0.8457198143005371
test/PNEUMONIA/person1637_virus_2834.jpeg,PNEUMONIA,PNEUMONIA,0.024594778195023537,0.975405216217041
test/PNEUMONIA/person1640_virus_2839.jpeg,PNEUMONIA,PNEUMONIA,0.02477085031569004,0.9752291440963745
test/PNEUMONIA/person1641_virus_2840.jpeg,PNEUMONIA,PNEUMONIA,0.03675480931997299,0.9632452130317688
test/PNEUMONIA/person1642_virus_2842.jpeg,PNEUMONIA,PNEUMONIA,0.030534852296113968,0.9694650769233704
test/PNEUMONIA/person1643_virus_2843.jpeg,PNEUMONIA,PNEUMONIA,0.0947328507900238,0.9052671194076538
test/PNEUMONIA/person1644_virus_2844.jpeg,PNEUMONIA,PNEUMONIA,0.05513078719377518,0.9448691606521606
test/PNEUMONIA/person1645_virus_2845.jpeg,PNEUMONIA,PNEUMONIA,0.01231324765831232,0.9876866936683655
test/PNEUMONIA/person1647_virus_2848.jpeg,PNEUMONIA,PNEUMONIA,0.06322815269231796,0.936771810054779
test/PNEUMONIA/person1649_virus_2850.jpeg,PNEUMONIA,PNEUMONIA,0.07887718081474304,0.9211227893829346
test/PNEUMONIA/person1650_virus_2852.jpeg,PNEUMONIA,PNEUMONIA,0.06063031405210495,0.9393696784973145
test/PNEUMONIA/person1650_virus_2854.jpeg,PNEUMONIA,PNEUMONIA,0.02459469623863697,0.975405216217041
test/PNEUMONIA/person1651_virus_2855.jpeg,PNEUMONIA,PNEUMONIA,0.0033484401647001505,0.9966515898704529
test/PNEUMONIA/person1653_virus_2858.jpeg,PNEUMONIA,PNEUMONIA,0.03769240528345108,0.9623076319694519
test/PNEUMONIA/person1653_virus_2859.jpeg,PNEUMONIA,PNEUMONIA,0.19343885779380798,0.8065611720085144
test/PNEUMONIA/person1655_virus_2861.jpeg,PNEUMONIA,PNEUMONIA,0.057354602962732315,0.9426453709602356
test/PNEUMONIA/person1656_virus_2862.jpeg,PNEUMONIA,PNEUMONIA,0.06532882899045944,0.93467116355896
test/PNEUMONIA/person1657_virus_2864.jpeg,PNEUMONIA,PNEUMONIA,0.0576111264526844,0.9423888921737671
test/PNEUMONIA/person1659_virus_2867.jpeg,PNEUMONIA,PNEUMONIA,0.006626136600971222,0.9933738708496094
test/PNEUMONIA/person1660_virus_2869.jpeg,PNEUMONIA,PNEUMONIA,0.019319502636790276,0.980680525302887
test/PNEUMONIA/person1661_virus_2872.jpeg,PNEUMONIA,PNEUMONIA,0.03624657914042473,0.9637534022331238
test/PNEUMONIA/person1661_virus_2873.jpeg,PNEUMONIA,PNEUMONIA,0.03624657914042473,0.9637534022331238
test/PNEUMONIA/person1662_virus_2875.jpeg,PNEUMONIA,PNEUMONIA,0.04701022058725357,0.9529898166656494
test/PNEUMONIA/person1663_virus_2876.jpeg,PNEUMONIA,PNEUMONIA,0.0207162257283926,0.9792836904525757
test/PNEUMONIA/person1664_virus_2877.jpeg,PNEUMONIA,PNEUMONIA,0.03911256045103073,0.9608874320983887
test/PNEUMONIA/person1665_virus_2878.jpeg,PNEUMONIA,PNEUMONIA,0.032360296696424484,0.967639684677124
test/PNEUMONIA/person1667_virus_2881.jpeg,PNEUMONIA,PNEUMONIA,0.02294330485165119,0.9770566821098328
test/PNEUMONIA/person1668_virus_2882.jpeg,PNEUMONIA,PNEUMONIA,0.041117068380117416,0.9588829278945923
test/PNEUMONIA/person1669_virus_2884.jpeg,PNEUMONIA,PNEUMONIA,0.003063517389819026,0.9969364404678345
test/PNEUMONIA/person1669_virus_2885.jpeg,PNEUMONIA,PNEUMONIA,0.004127358086407185,0.9958726763725281
test/PNEUMONIA/person1670_virus_2886.jpeg,PNEUMONIA,PNEUMONIA,0.01373655628412962,0.9862633943557739
test/PNEUMONIA/person1671_virus_2887.jpeg,PNEUMONIA,PNEUMONIA,0.0053467233665287495,0.9946532249450684
test/PNEUMONIA/person1672_virus_2888.jpeg,PNEUMONIA,PNEUMONIA,0.1990545243024826,0.8009454607963562
test/PNEUMONIA/person1673_virus_2889.jpeg,PNEUMONIA,PNEUMONIA,0.03978502377867699,0.9602149724960327
test/PNEUMONIA/person1674_virus_2890.jpeg,PNEUMONIA,PNEUMONIA,0.17808854579925537,0.8219115138053894
test/PNEUMONIA/person1675_virus_2891.jpeg,PNEUMONIA,PNEUMONIA,0.021467428654432297,0.9785324931144714
test/PNEUMONIA/person1676_virus_2892.jpeg,PNEUMONIA,PNEUMONIA,0.0978391245007515,0.9021609425544739
test/PNEUMONIA/person1678_virus_2895.jpeg,PNEUMONIA,PNEUMONIA,0.05853291228413582,0.9414670467376709
test/PNEUMONIA/person1679_virus_2896.jpeg,PNEUMONIA,PNEUMONIA,0.009634362533688545,0.9903656244277954
test/PNEUMONIA/person1680_virus_2897.jpeg,PNEUMONIA,PNEUMONIA,0.07982707768678665,0.9201728701591492
test/PNEUMONIA/person1682_virus_2899.jpeg,PNEUMONIA,PNEUMONIA,0.2958380877971649,0.7041619420051575
test/PNEUMONIA/person1685_virus_2903.jpeg,PNEUMONIA,PNEUMONIA,0.017929255962371826,0.982070803642273
test/PNEUMONIA/person16_virus_47.jpeg,PNEUMONIA,PNEUMONIA,0.22503815591335297,0.7749617695808411
test/PNEUMONIA/person171_bacteria_826.jpeg,PNEUMONIA,PNEUMONIA,0.0032671187072992325,0.9967329502105713
test/PNEUMONIA/person172_bacteria_827.jpeg,PNEUMONIA,PNEUMONIA,0.009339251555502415,0.9906607270240784
test/PNEUMONIA/person172_bacteria_828.jpeg,PNEUMONIA,PNEUMONIA,0.10682205855846405,0.8931779861450195
test/PNEUMONIA/person173_bacteria_829.jpeg,PNEUMONIA,PNEUMONIA,0.06086813285946846,0.9391319155693054
test/PNEUMONIA/person173_bacteria_830.jpeg,PNEUMONIA,PNEUMONIA,0.012808335945010185,0.9871916770935059
test/PNEUMONIA/person173_bacteria_831.jpeg,PNEUMONIA,NORMAL,0.854476809501648,0.14552317559719086
test/PNEUMONIA/person174_bacteria_832.jpeg,PNEUMONIA,PNEUMONIA,0.12697522342205048,0.8730248212814331
test/PNEUMONIA/person175_bacteria_833.jpeg,PNEUMONIA,PNEUMONIA,0.029844390228390694,0.970155656337738
test/PNEUMONIA/person175_bacteria_834.jpeg,PNEUMONIA,PNEUMONIA,0.10622969269752502,0.8937702775001526
test/PNEUMONIA/person175_bacteria_835.jpeg,PNEUMONIA,PNEUMONIA,0.0056991479359567165,0.9943008422851562
test/PNEUMONIA/person17_virus_48.jpeg,PNEUMONIA,PNEUMONIA,0.045605119317770004,0.9543948769569397
test/PNEUMONIA/person18_virus_49.jpeg,PNEUMONIA,PNEUMONIA,0.20270396769046783,0.7972959876060486
test/PNEUMONIA/person19_virus_50.jpeg,PNEUMONIA,PNEUMONIA,0.32651805877685547,0.6734820008277893
test/PNEUMONIA/person1_virus_11.jpeg,PNEUMONIA,PNEUMONIA,0.004689766094088554,0.9953102469444275
test/PNEUMONIA/person1_virus_12.jpeg,PNEUMONIA,PNEUMONIA,0.05759449675679207,0.9424055218696594
test/PNEUMONIA/person1_virus_13.jpeg,PNEUMONIA,NORMAL,0.529590368270874,0.4704096019268036
test/PNEUMONIA/person1_virus_6.jpeg,PNEUMONIA,PNEUMONIA,0.013618400320410728,0.9863815307617188
test/PNEUMONIA/person1_virus_7.jpeg,PNEUMONIA,PNEUMONIA,0.007135765627026558,0.9928642511367798
test/PNEUMONIA/person1_virus_8.jpeg,PNEUMONIA,PNEUMONIA,0.015424580313265324,0.9845753908157349
test/PNEUMONIA/person1_virus_9.jpeg,PNEUMONIA,PNEUMONIA,0.007234692107886076,0.9927653670310974
test/PNEUMONIA/person20_virus_51.jpeg,PNEUMONIA,PNEUMONIA,0.29271841049194336,0.7072815299034119
test/PNEUMONIA/person21_virus_52.jpeg,PNEUMONIA,PNEUMONIA,0.04990775138139725,0.9500922560691833
test/PNEUMONIA/person21_virus_53.jpeg,PNEUMONIA,PNEUMONIA,0.1485579013824463,0.8514420390129089
test/PNEUMONIA/person22_virus_54.jpeg,PNEUMONIA,PNEUMONIA,0.008550921455025673,0.9914490580558777
test/PNEUMONIA/person22_virus_55.jpeg,PNEUMONIA,PNEUMONIA,0.07495839148759842,0.925041675567627
test/PNEUMONIA/person23_virus_56.jpeg,PNEUMONIA,PNEUMONIA,0.012773232534527779,0.9872267842292786
test/PNEUMONIA/person24_virus_58.jpeg,PNEUMONIA,PNEUMONIA,0.03297064080834389,0.967029333114624
test/PNEUMONIA/person25_virus_59.jpeg,PNEUMONIA,PNEUMONIA,0.013971921056509018,0.9860280752182007
test/PNEUMONIA/person26_virus_60.jpeg,PNEUMONIA,PNEUMONIA,0.015317821875214577,0.9846822023391724
test/PNEUMONIA/person28_virus_62.jpeg,PNEUMONIA,PNEUMONIA,0.053521689027547836,0.9464783072471619
test/PNEUMONIA/person28_virus_63.jpeg,PNEUMONIA,PNEUMONIA,0.019677434116601944,0.980322539806366
test/PNEUMONIA/person29_virus_64.jpeg,PNEUMONIA,PNEUMONIA,0.02322007715702057,0.9767798781394958
test/PNEUMONIA/person30_virus_69.jpeg,PNEUMONIA,PNEUMONIA,0.029630105942487717,0.9703698754310608
test/PNEUMONIA/person31_virus_70.jpeg,PNEUMONIA,PNEUMONIA,0.001576761482283473,0.9984232187271118
test/PNEUMONIA/person32_virus_71.jpeg,PNEUMONIA,PNEUMONIA,0.10730284452438354,0.8926971554756165
test/PNEUMONIA/person33_virus_72.jpeg,PNEUMONIA,PNEUMONIA,0.012373116798698902,0.987626850605011
test/PNEUMONIA/person34_virus_76.jpeg,PNEUMONIA,PNEUMONIA,0.20908595621585846,0.790913999080658
test/PNEUMONIA/person35_virus_80.jpeg,PNEUMONIA,PNEUMONIA,0.057391222566366196,0.9426087737083435
test/PNEUMONIA/person36_virus_81.jpeg,PNEUMONIA,PNEUMONIA,0.016097329556941986,0.9839026927947998
test/PNEUMONIA/person37_virus_82.jpeg,PNEUMONIA,PNEUMONIA,0.014870471321046352,0.9851294755935669
test/PNEUMONIA/person38_virus_83.jpeg,PNEUMONIA,PNEUMONIA,0.08582023531198502,0.914179801940918
test/PNEUMONIA/person38_virus_84.jpeg,PNEUMONIA,PNEUMONIA,0.051761746406555176,0.9482383131980896
test/PNEUMONIA/person39_virus_85.jpeg,PNEUMONIA,PNEUMONIA,0.022020112723112106,0.9779798984527588
test/PNEUMONIA/person3_virus_15.jpeg,PNEUMONIA,PNEUMONIA,0.06364089995622635,0.9363591074943542
test/PNEUMONIA/person3_virus_16.jpeg,PNEUMONIA,PNEUMONIA,0.053350210189819336,0.9466497302055359
test/PNEUMONIA/person3_virus_17.jpeg,PNEUMONIA,PNEUMONIA,0.2269081026315689,0.7730918526649475
test/PNEUMONIA/person40_virus_87.jpeg,PNEUMONIA,PNEUMONIA,0.041131701320409775,0.9588683247566223
test/PNEUMONIA/person41_virus_88.jpeg,PNEUMONIA,PNEUMONIA,0.1890893131494522,0.8109107613563538
test/PNEUMONIA/person42_virus_89.jpeg,PNEUMONIA,PNEUMONIA,0.013568643480539322,0.9864313006401062
test/PNEUMONIA/person43_virus_92.jpeg,PNEUMONIA,PNEUMONIA,0.012617159634828568,0.9873828291893005
test/PNEUMONIA/person44_virus_93.jpeg,PNEUMONIA,PNEUMONIA,0.15017195045948029,0.8498280048370361
test/PNEUMONIA/person44_virus_94.jpeg,PNEUMONIA,PNEUMONIA,0.35734128952026367,0.6426587700843811
test/PNEUMONIA/person45_virus_95.jpeg,PNEUMONIA,PNEUMONIA,0.04534300044178963,0.9546569585800171
test/PNEUMONIA/person46_virus_96.jpeg,PNEUMONIA,PNEUMONIA,0.036375921219587326,0.963624119758606
test/PNEUMONIA/person47_virus_99.jpeg,PNEUMONIA,PNEUMONIA,0.040189228951931,0.9598107933998108
test/PNEUMONIA/person48_virus_100.jpeg,PNEUMONIA,PNEUMONIA,0.14656394720077515,0.8534360527992249
test/PNEUMONIA/person49_virus_101.jpeg,PNEUMONIA,PNEUMONIA,0.17607952654361725,0.823920488357544
test/PNEUMONIA/person50_virus_102.jpeg,PNEUMONIA,PNEUMONIA,0.024766307324171066,0.9752336740493774
test/PNEUMONIA/person51_virus_105.jpeg,PNEUMONIA,PNEUMONIA,0.026602711528539658,0.9733972549438477
test/PNEUMONIA/person52_virus_106.jpeg,PNEUMONIA,PNEUMONIA,0.030832163989543915,0.9691678285598755
test/PNEUMONIA/person53_virus_107.jpeg,PNEUMONIA,PNEUMONIA,0.013408130966126919,0.9865918755531311
test/PNEUMONIA/person53_virus_108.jpeg,PNEUMONIA,PNEUMONIA,0.04915397986769676,0.9508460164070129
test/PNEUMONIA/person54_virus_109.jpeg,PNEUMONIA,PNEUMONIA,0.030745331197977066,0.9692546129226685
test/PNEUMONIA/person55_virus_110.jpeg,PNEUMONIA,PNEUMONIA,0.0528612844645977,0.9471387267112732
test/PNEUMONIA/person56_virus_112.jpeg,PNEUMONIA,PNEUMONIA,0.013791796751320362,0.9862082004547119
test/PNEUMONIA/person57_virus_113.jpeg,PNEUMONIA,PNEUMONIA,0.03465358167886734,0.9653463959693909
test/PNEUMONIA/person59_virus_116.jpeg,PNEUMONIA,PNEUMONIA,0.01257500983774662,0.9874250292778015
test/PNEUMONIA/person60_virus_117.jpeg,PNEUMONIA,PNEUMONIA,0.184825137257576,0.81517493724823
test/PNEUMONIA/person61_virus_118.jpeg,PNEUMONIA,PNEUMONIA,0.005849023349583149,0.9941509366035461
test/PNEUMONIA/person62_virus_119.jpeg,PNEUMONIA,PNEUMONIA,0.02509308233857155,0.9749069213867188
test/PNEUMONIA/person63_virus_121.jpeg,PNEUMONIA,PNEUMONIA,0.1361939162015915,0.8638061285018921
test/PNEUMONIA/person64_virus_122.jpeg,PNEUMONIA,PNEUMONIA,0.004929803311824799,0.995070219039917
test/PNEUMONIA/person65_virus_123.jpeg,PNEUMONIA,PNEUMONIA,0.019961940124630928,0.980038046836853
test/PNEUMONIA/person66_virus_125.jpeg,PNEUMONIA,PNEUMONIA,0.06011275202035904,0.9398872256278992
test/PNEUMONIA/person67_virus_126.jpeg,PNEUMONIA,PNEUMONIA,0.0038265385664999485,0.9961734414100647
test/PNEUMONIA/person69_virus_129.jpeg,PNEUMONIA,PNEUMONIA,0.011038930155336857,0.9889610409736633
test/PNEUMONIA/person70_virus_130.jpeg,PNEUMONIA,PNEUMONIA,0.02946285903453827,0.9705371856689453
test/PNEUMONIA/person71_virus_131.jpeg,PNEUMONIA,PNEUMONIA,0.07601480185985565,0.9239851236343384
test/PNEUMONIA/person71_virus_132.jpeg,PNEUMONIA,PNEUMONIA,0.0803656280040741,0.9196344017982483
test/PNEUMONIA/person72_virus_133.jpeg,PNEUMONIA,PNEUMONIA,0.015503144823014736,0.9844968318939209
test/PNEUMONIA/person74_virus_135.jpeg,PNEUMONIA,PNEUMONIA,0.005169069394469261,0.9948309063911438
test/PNEUMONIA/person75_virus_136.jpeg,PNEUMONIA,PNEUMONIA,0.012515343725681305,0.9874846339225769
test/PNEUMONIA/person76_virus_138.jpeg,PNEUMONIA,PNEUMONIA,0.12041500210762024,0.8795849680900574
test/PNEUMONIA/person77_virus_139.jpeg,PNEUMONIA,PNEUMONIA,0.03896578401327133,0.9610341787338257
test/PNEUMONIA/person78_bacteria_378.jpeg,PNEUMONIA,PNEUMONIA,0.0012556302826851606,0.9987443685531616
test/PNEUMONIA/person78_bacteria_380.jpeg,PNEUMONIA,PNEUMONIA,0.0036937445402145386,0.996306300163269
test/PNEUMONIA/person78_bacteria_381.jpeg,PNEUMONIA,PNEUMONIA,0.006760929711163044,0.9932390451431274
test/PNEUMONIA/person78_bacteria_382.jpeg,PNEUMONIA,PNEUMONIA,0.01661706529557705,0.9833828806877136
test/PNEUMONIA/person78_bacteria_384.jpeg,PNEUMONIA,PNEUMONIA,0.006746938452124596,0.9932530522346497
test/PNEUMONIA/person78_bacteria_385.jpeg,PNEUMONIA,PNEUMONIA,0.09022552520036697,0.9097744226455688
test/PNEUMONIA/person78_bacteria_386.jpeg,PNEUMONIA,PNEUMONIA,0.0023102215491235256,0.9976898431777954
test/PNEUMONIA/person78_bacteria_387.jpeg,PNEUMONIA,NORMAL,0.6432762145996094,0.3567237854003906
test/PNEUMONIA/person78_virus_140.jpeg,PNEUMONIA,PNEUMONIA,0.0722891092300415,0.9277109503746033
test/PNEUMONIA/person79_virus_148.jpeg,PNEUMONIA,PNEUMONIA,0.4855785071849823,0.5144215226173401
test/PNEUMONIA/person80_bacteria_389.jpeg,PNEUMONIA,PNEUMONIA,0.010451259091496468,0.9895488023757935
test/PNEUMONIA/person80_bacteria_390.jpeg,PNEUMONIA,PNEUMONIA,0.0004344788903836161,0.9995655417442322
test/PNEUMONIA/person80_bacteria_391.jpeg,PNEUMONIA,PNEUMONIA,0.012181800790131092,0.9878181219100952
test/PNEUMONIA/person80_bacteria_392.jpeg,PNEUMONIA,PNEUMONIA,0.036918044090270996,0.9630820155143738
test/PNEUMONIA/person80_bacteria_393.jpeg,PNEUMONIA,PNEUMONIA,0.21712370216846466,0.7828763127326965
test/PNEUMONIA/person81_bacteria_395.jpeg,PNEUMONIA,PNEUMONIA,0.04396240785717964,0.9560375213623047
test/PNEUMONIA/person81_bacteria_396.jpeg,PNEUMONIA,PNEUMONIA,0.020065687596797943,0.9799342751502991
test/PNEUMONIA/person81_bacteria_397.jpeg,PNEUMONIA,PNEUMONIA,0.008066905662417412,0.9919331669807434
test/PNEUMONIA/person81_bacteria_398.jpeg,PNEUMONIA,PNEUMONIA,0.05715120583772659,0.942848801612854
test/PNEUMONIA/person82_bacteria_402.jpeg,PNEUMONIA,PNEUMONIA,0.009547253139317036,0.990452766418457
test/PNEUMONIA/person82_bacteria_403.jpeg,PNEUMONIA,PNEUMONIA,0.0058916048146784306,0.9941084384918213
test/PNEUMONIA/person82_bacteria_404.jpeg,PNEUMONIA,PNEUMONIA,0.002028833841904998,0.9979711174964905
test/PNEUMONIA/person82_bacteria_405.jpeg,PNEUMONIA,PNEUMONIA,0.041926365345716476,0.958073616027832
test/PNEUMONIA/person83_bacteria_407.jpeg,PNEUMONIA,NORMAL,0.6784371733665466,0.32156285643577576
test/PNEUMONIA/person83_bacteria_409.jpeg,PNEUMONIA,PNEUMONIA,0.11671041697263718,0.8832895755767822
test/PNEUMONIA/person83_bacteria_410.jpeg,PNEUMONIA,PNEUMONIA,0.0031938704196363688,0.9968061447143555
test/PNEUMONIA/person83_bacteria_411.jpeg,PNEUMONIA,PNEUMONIA,0.10966169834136963,0.8903383016586304
test/PNEUMONIA/person83_bacteria_412.jpeg,PNEUMONIA,PNEUMONIA,0.007448915857821703,0.9925510883331299
test/PNEUMONIA/person83_bacteria_414.jpeg,PNEUMONIA,PNEUMONIA,0.4149836599826813,0.5850163698196411
test/PNEUMONIA/person85_bacteria_417.jpeg,PNEUMONIA,PNEUMONIA,0.09173828363418579,0.9082617163658142
test/PNEUMONIA/person85_bacteria_419.jpeg,PNEUMONIA,NORMAL,0.5619096159934998,0.43809041380882263
test/PNEUMONIA/person85_bacteria_421.jpeg,PNEUMONIA,PNEUMONIA,0.21505506336688995,0.7849449515342712
test/PNEUMONIA/person85_bacteria_422.jpeg,PNEUMONIA,PNEUMONIA,0.008160014636814594,0.9918400049209595
test/PNEUMONIA/person85_bacteria_423.jpeg,PNEUMONIA,PNEUMONIA,0.010015982203185558,0.9899840354919434
test/PNEUMONIA/person85_bacteria_424.jpeg,PNEUMONIA,PNEUMONIA,0.13717806339263916,0.8628218770027161
test/PNEUMONIA/person86_bacteria_428.jpeg,PNEUMONIA,PNEUMONIA,0.018059520050883293,0.981940507888794
test/PNEUMONIA/person86_bacteria_429.jpeg,PNEUMONIA,PNEUMONIA,0.03196842968463898,0.9680315256118774
test/PNEUMONIA/person87_bacteria_433.jpeg,PNEUMONIA,PNEUMONIA,0.041735682636499405,0.9582642912864685
test/PNEUMONIA/person87_bacteria_434.jpeg,PNEUMONIA,PNEUMONIA,0.09963323175907135,0.9003667235374451
test/PNEUMONIA/person88_bacteria_437.jpeg,PNEUMONIA,PNEUMONIA,0.03451041132211685,0.9654895663261414
test/PNEUMONIA/person88_bacteria_438.jpeg,PNEUMONIA,PNEUMONIA,0.004147011321038008,0.9958529472351074
test/PNEUMONIA/person88_bacteria_439.jpeg,PNEUMONIA,NORMAL,0.6697959303855896,0.330204039812088
test/PNEUMONIA/person89_bacteria_440.jpeg,PNEUMONIA,PNEUMONIA,0.23353542387485504,0.7664645314216614
test/PNEUMONIA/person8_virus_27.jpeg,PNEUMONIA,PNEUMONIA,0.012223990634083748,0.9877760410308838
test/PNEUMONIA/person8_virus_28.jpeg,PNEUMONIA,PNEUMONIA,0.01755089871585369,0.9824490547180176
test/PNEUMONIA/person90_bacteria_442.jpeg,PNEUMONIA,PNEUMONIA,0.021837161853909492,0.9781628251075745
test/PNEUMONIA/person90_bacteria_443.jpeg,PNEUMONIA,PNEUMONIA,0.012305892072618008,0.9876941442489624
test/PNEUMONIA/person91_bacteria_445.jpeg,PNEUMONIA,NORMAL,0.7516788244247437,0.24832119047641754
test/PNEUMONIA/person91_bacteria_446.jpeg,PNEUMONIA,PNEUMONIA,0.0073112864047288895,0.9926887154579163
test/PNEUMONIA/person91_bacteria_447.jpeg,PNEUMONIA,PNEUMONIA,0.010829436592757702,0.9891706109046936
test/PNEUMONIA/person91_bacteria_448.jpeg,PNEUMONIA,NORMAL,0.7983651757240295,0.20163480937480927
test/PNEUMONIA/person91_bacteria_449.jpeg,PNEUMONIA,PNEUMONIA,0.31449267268180847,0.6855072975158691
test/PNEUMONIA/person92_bacteria_450.jpeg,PNEUMONIA,PNEUMONIA,0.006514446344226599,0.9934856295585632
test/PNEUMONIA/person92_bacteria_451.jpeg,PNEUMONIA,PNEUMONIA,0.03369743376970291,0.9663025736808777
test/PNEUMONIA/person93_bacteria_453.jpeg,PNEUMONIA,PNEUMONIA,0.035683490335941315,0.9643165469169617
test/PNEUMONIA/person93_bacteria_454.jpeg,PNEUMONIA,PNEUMONIA,0.021284859627485275,0.978715181350708
test/PNEUMONIA/person94_bacteria_456.jpeg,PNEUMONIA,PNEUMONIA,0.02382790856063366,0.9761720895767212
test/PNEUMONIA/person94_bacteria_457.jpeg,PNEUMONIA,PNEUMONIA,0.062070466578006744,0.9379295110702515
test/PNEUMONIA/person94_bacteria_458.jpeg,PNEUMONIA,PNEUMONIA,0.0038578053936362267,0.9961422085762024
test/PNEUMONIA/person95_bacteria_463.jpeg,PNEUMONIA,PNEUMONIA,0.12425262480974197,0.8757473826408386
test/PNEUMONIA/person96_bacteria_464.jpeg,PNEUMONIA,PNEUMONIA,0.02135949209332466,0.9786404967308044
test/PNEUMONIA/person96_bacteria_465.jpeg,PNEUMONIA,PNEUMONIA,0.05554257705807686,0.944457471370697
test/PNEUMONIA/person96_bacteria_466.jpeg,PNEUMONIA,PNEUMONIA,0.10498044639825821,0.89501953125
test/PNEUMONIA/person97_bacteria_468.jpeg,PNEUMONIA,PNEUMONIA,0.04407478868961334,0.9559252262115479
test/PNEUMONIA/person99_bacteria_473.jpeg,PNEUMONIA,PNEUMONIA,0.11508707702159882,0.88491290807724
test/PNEUMONIA/person99_bacteria_474.jpeg,PNEUMONIA,PNEUMONIA,0.2933492362499237,0.7066507339477539
